2025-05-29_04-47-20,000%,draft.ts:2025-05-29_04-47-20
2025-05-29_04-49-24,000%,draft.ts:2025-05-29_04-47-20
2025-05-29_04-58-05,000%,draft.ts:2025-05-29_04-47-20
2025-05-29_04-58-14,000%,draft.ts:2025-05-29_04-47-20
2025-05-29_14-21-00,000%,draft.ts:2025-05-29_04-47-20
2025-05-29_16-01-09,000%,draft.ts:2025-05-29_04-47-20
2025-05-29_16-01-29,000%,draft.ts:2025-05-29_04-47-20
2025-05-29_16-02-19,000%,draft.ts:2025-05-29_04-47-20
2025-05-29_16-02-59,000%,draft.ts:2025-05-29_04-47-20
2025-05-29_16-11-57,000%,draft.ts:2025-05-29_04-47-20
2025-05-29_16-12-21,000%,draft.ts:2025-05-29_04-47-20
2025-05-29_16-16-02,000%,draft.ts:2025-05-29_04-47-20
2025-05-29_16-18-11,000%,draft.ts:2025-05-29_04-47-20
2025-05-29_16-19-33,000%,draft.ts:2025-05-29_04-47-20
2025-05-29_16-41-02,000%,draft.ts:2025-05-29_04-47-20
2025-05-29_16-41-25,000%,draft.ts:2025-05-29_04-47-20
2025-05-29_16-43-10,000%,draft.ts:2025-05-29_04-47-20
2025-05-29_16-44-29,000%,draft.ts:2025-05-29_04-47-20
2025-05-29_16-44-44,000%,draft.ts:2025-05-29_04-47-20
2025-05-29_16-44-59,000%,draft.ts:2025-05-29_04-47-20
2025-05-29_16-45-38,000%,draft.ts:2025-05-29_04-47-20
2025-05-29_16-45-51,000%,draft.ts:2025-05-29_04-47-20
2025-05-29_16-48-25,000%,draft.ts:2025-05-29_04-47-20
2025-05-29_16-48-48,000%,draft.ts:2025-05-29_04-47-20
2025-05-29_19-21-39,000%,draft.ts:2025-05-29_04-47-20
2025-05-29_16-36-47,000%,draft.ts:2025-05-29_04-47-20
2025-05-30_20-41-29,000%,draft.ts:2025-05-29_04-47-20
