2025-06-12_09-14-21,000%,draft.go:2025-06-12_09-14-21
2025-06-12_09-14-44,000%,draft.go:2025-06-12_09-14-21
2025-06-12_09-17-05,000%,draft.go:2025-06-12_09-14-21
2025-06-12_09-17-33,000%,draft.go:2025-06-12_09-14-21
2025-06-12_09-18-51,000%,draft.go:2025-06-12_09-14-21
2025-06-12_09-21-30,000%,draft.go:2025-06-12_09-14-21
2025-06-12_12-49-18,000%,draft.go:2025-06-12_09-14-21
2025-06-12_12-49-45,000%,draft.go:2025-06-12_09-14-21
2025-06-12_12-51-58,000%,draft.go:2025-06-12_09-14-21
2025-06-12_12-53-05,000%,draft.go:2025-06-12_09-14-21
2025-06-12_12-55-23,000%,draft.go:2025-06-12_09-14-21
2025-06-12_12-57-50,000%,draft.go:2025-06-12_09-14-21
2025-06-12_12-58-07,000%,draft.go:2025-06-12_09-14-21
2025-06-12_12-58-23,000%,draft.go:2025-06-12_09-14-21
2025-06-12_12-59-24,000%,draft.go:2025-06-12_09-14-21
2025-06-12_13-00-49,000%,draft.go:2025-06-12_09-14-21
